,Adjektiv,P(han),P(hun),Differanse
0,aabenbar,0.004103470128029585,0.8312798389233649,-0.8271763687953353
1,abdominal,0.0034938855096697807,0.8389777541160583,-0.8354838686063886
2,abkhasisk,0.00993418600410223,0.8693265914916992,-0.859392405487597
3,abrupt,0.00391831248998642,0.832938606152311,-0.8290202936623245
4,abstrakt,0.00427838834002614,0.7575171757489443,-0.7532387874089181
5,additiv,0.007178933825343847,0.7085114121437073,-0.7013324783183634
6,adekvat,0.004488775972276926,0.7255431413650513,-0.7210543653927743
7,adelgod,0.0038834847509860992,0.8285739421844482,-0.8246904574334621
8,adelig,0.003887749509885907,0.8123967051506042,-0.8085089556407183
9,adjektivisk,0.007505080662667751,0.7075842027552426,-0.7000791220925748
10,affektiv,0.004319019615650177,0.7200141549110413,-0.7156951352953911
11,affin,0.003994414117187262,0.8261107802391052,-0.822116366121918
12,aforistisk,0.0036125367041677237,0.7486203473526984,-0.7450078106485307
13,afrikansk,0.00454202713444829,0.7939656376838684,-0.7894236105494201
14,aggressiv,0.0046585495583713055,0.7954887272790074,-0.7908301777206361
15,agitatorisk,0.004069761373102665,0.8039633946027607,-0.799893633229658
16,agnostisk,0.00522861210629344,0.766543984413147,-0.7613153723068535
17,agrarisk,0.005963257979601622,0.7945572137832642,-0.7885939558036625
18,agronomisk,0.0058146691881120205,0.7365188002586365,-0.7307041310705245
19,akademisk,0.004380275961011648,0.7150058168917894,-0.7106255409307778
20,akseptabel,0.0027563150506466627,0.8107707500457764,-0.8080144349951297
21,aktivistisk,0.003950904589146376,0.792796790599823,-0.7888458860106766
22,albansk,0.003521556966006756,0.8692314028739929,-0.8657098459079862
23,algebraisk,0.006230724044144154,0.7513010166585445,-0.7450702926144004
24,alifatisk,0.003579716896638274,0.8364453315734863,-0.832865614676848
25,alkalisk,0.005178564693778753,0.8264439702033997,-0.8212654055096209
26,alkoholisk,0.0037862772587686777,0.7897754907608032,-0.7859892135020345
27,all slags,0.002908016089349985,0.774602472782135,-0.771694456692785
28,allegorisk,0.003256040159612894,0.7375915395095944,-0.7343354993499815
29,allsidig,0.005521328188478947,0.7360904216766357,-0.7305690934881568
30,allvitende,0.004426767583936453,0.7394179701805115,-0.734991202596575
31,altetende,0.005717865191400051,0.809608519077301,-0.803890653885901
32,anal,0.004982816521078348,0.8410615085158497,-0.8360786919947714
33,analytisk,0.004624477121978998,0.6959026665426791,-0.6912781894207001
34,anglikansk,0.004662059247493744,0.7433635904453695,-0.7387015311978757
35,annerledes,0.00303257186897099,0.8108033537864685,-0.8077707819174975
36,anstendig,0.002487516961991787,0.8074937595520169,-0.8050062425900251
37,antropocen,0.004265166819095612,0.7748133540153503,-0.7705481871962547
38,aparte,0.0032550934702157974,0.7637928128242493,-0.7605377193540335
39,apologetisk,0.003582583973184228,0.8240760173648596,-0.8204934333916754
40,arabisk,0.00555288465693593,0.8466187156736851,-0.8410658310167491
41,arameisk,0.009397159330546856,0.803572416305542,-0.7941752569749951
42,arbeidsløs,0.0029421267099678516,0.8128703832626343,-0.8099282565526664
43,ariansk,0.006126295775175095,0.8816584348678589,-0.8755321390926838
44,aristokratisk,0.0047288998030126095,0.7727492868434638,-0.7680203870404512
45,aritmetisk,0.008746651001274586,0.751056912355125,-0.7423102613538504
46,armensk,0.004473879933357239,0.8812731504440308,-0.8767992705106735
47,asimutal,0.005124074872583151,0.8224484324455261,-0.817324357572943
48,astrologisk,0.004283411893993616,0.7886075973510742,-0.7843241854570806
49,asymptomatisk,0.004471737891435623,0.7717346549034119,-0.7672629170119762
50,atypisk,0.0034317884128540754,0.7085196375846863,-0.7050878491718322
51,avansert,0.004095227457582951,0.7691532373428345,-0.7650580098852515
52,avslappa,0.003389820922166109,0.7072328329086304,-0.7038430119864643
53,avslappet,0.0035974737256765366,0.7464468479156494,-0.7428493741899729
54,bange,0.004925363231450319,0.8230838179588318,-0.8181584547273815
55,barmhjertig,0.005267722066491842,0.6824302673339844,-0.6771625452674925
56,barokk,0.004028944298624992,0.8136077802628279,-0.8095788359642029
57,bedriten,0.006706744898110628,0.7672971487045288,-0.7605904038064182
58,befestet,0.0038626519963145256,0.7807513475418091,-0.7768886955454946
59,behagelig,0.0035410248674452305,0.7514588236808777,-0.7479177988134325
60,behendig,0.0051420084200799465,0.8195721507072449,-0.8144301422871649
61,beleven,0.003742328379303217,0.7183588743209839,-0.7146165459416807
62,belærende,0.004012059886008501,0.6720730662345886,-0.6680610063485801
63,beryktet,0.003218863159418106,0.7151890397071838,-0.7119701765477657
64,berømt,0.003150795353576541,0.6705466508865356,-0.6673958555329591
65,betraktelig,0.0032472095917910337,0.8105442523956299,-0.8072970428038388
66,betydelig,0.0040012551471591,0.7462789812125266,-0.7422777260653675
67,beundringsverdig,0.0027713824529200792,0.7049342393875122,-0.7021628569345921
68,biomimetisk,0.004661511164158583,0.7024034261703491,-0.6977419150061905
69,blakk,0.005215188022702932,0.7888048887252808,-0.7835897007025778
70,blakk som en kirkerotte,0.007009358145296574,0.697938859462738,-0.6909295013174415
71,blaut,0.005766205955296755,0.7756333947181702,-0.7698671887628734
72,blek,0.010520938783884048,0.8107019066810608,-0.8001809678971767
73,blodig,0.0027182542253285646,0.8233591914176941,-0.8206409371923655
74,blåøyd,0.0039633638225495815,0.8016254305839539,-0.7976620667614043
75,bretonsk,0.006566687021404505,0.8252203706651926,-0.8186536836437881
76,brutal,0.003552044043317437,0.7795915007591248,-0.7760394567158073
77,bråkjekk,0.0031802307348698378,0.8446570038795471,-0.8414767731446773
78,buet,0.0053208558820188046,0.7736050486564636,-0.7682841927744448
79,burkinsk,0.004635966848582029,0.7962591648101807,-0.7916231979615986
80,bymessig,0.004746605176478624,0.7902667750604451,-0.7855201698839664
81,bægjen,0.0038055514451116323,0.8424285054206848,-0.8386229539755732
82,bøyelig,0.004025261849164963,0.8155328035354614,-0.8115075416862965
83,daddelverdig,0.006192550528794527,0.7489836812019348,-0.7427911306731403
84,demonstrativ,0.002613015240058303,0.8231511116027832,-0.8205380963627249
85,diffus,0.00729862367734313,0.7016087174415588,-0.6943100937642157
86,disiplinert,0.004494660533964634,0.7193092703819275,-0.7148146098479629
87,diskret,0.00401747552677989,0.7297618985176086,-0.7257444229908288
88,distingvert,0.004377047065645456,0.7469064528122544,-0.742529405746609
89,djerv,0.004793095402419567,0.7419062852859497,-0.7371131898835301
90,dogmatisk,0.0030083779711276293,0.7853589670266956,-0.782350589055568
91,dorsk,0.0072296964935958385,0.8277300000190735,-0.8205003035254776
92,doven,0.005636616609990597,0.7405328084714711,-0.7348961918614805
93,dum,0.0038094755727797747,0.7508528232574463,-0.7470433476846665
94,dyktig,0.004301020875573158,0.7530740341171622,-0.7487730132415891
95,dyster,0.00297431624494493,0.7237966656684875,-0.7208223494235426
96,dystopisk,0.003106448333710432,0.7531107068061829,-0.7500042584724724
97,egoistisk,0.0031535085290670395,0.7452664375305176,-0.7421129290014505
98,eklektisk,0.00465520890429616,0.772891640663147,-0.7682364317588508
99,ekstrem,0.0041159517131745815,0.8378463983535767,-0.8337304466404021
100,elektrofysiologisk,0.0044476850889623165,0.7542858123779297,-0.7498381272889674
101,endimensjonal,0.005886411760002375,0.7239630818367004,-0.7180766700766981
102,engelsk,0.00582562480121851,0.6570487776771188,-0.6512231528759003
103,engstelig,0.002237839624285698,0.8079639903735369,-0.8057261507492512
104,ensom,0.0035752584226429462,0.8267778754234314,-0.8232026170007885
105,entomologisk,0.003368275472894311,0.7603038549423218,-0.7569355794694275
106,entusiastisk,0.002956702373921871,0.7995926020666957,-0.7966358996927738
107,esoterisk,0.007072416599839926,0.7702385317534208,-0.7631661151535809
108,estisk,0.006565788295120001,0.8043091893196106,-0.7977434010244906
109,etiopisk,0.00502706877887249,0.8140160441398621,-0.8089889753609896
110,etnisk,0.004890370182693005,0.7772942781448364,-0.7724039079621434
111,etnologisk,0.0036030267365276814,0.7504792213439941,-0.7468761946074665
112,falsk,0.003267800435423851,0.7919750213623047,-0.7887072209268808
113,fattig,0.002739354269579053,0.8141875267028809,-0.8114481724333018
114,feig,0.0028877141885459423,0.7965969443321228,-0.7937092301435769
115,fengslende,0.002922245068475604,0.8270418047904968,-0.8241195597220212
116,fennoskandisk,0.004907735623419285,0.7981539368629456,-0.7932462012395263
117,fet,0.0036339308135211468,0.7659065127372742,-0.762272581923753
118,firedimensjonal,0.007403931114822626,0.7165598273277283,-0.7091558962129056
119,firkantet,0.008287174627184868,0.6991191506385803,-0.6908319760113955
120,fjåg,0.0054018693044781685,0.8130787014961243,-0.8076768321916461
121,flamboyant,0.003247370244935155,0.8200321197509766,-0.8167847495060414
122,flat,0.004007802810519934,0.7947044968605042,-0.7906966940499842
123,flerdimensjonal,0.009319066070020199,0.6635710597038269,-0.6542519936338067
124,flink,0.0041303387843072414,0.8110506534576416,-0.8069203146733344
125,fonetisk,0.008296383544802666,0.7060644621960819,-0.6977680786512792
126,fordekt,0.004563589580357075,0.778034508228302,-0.7734709186479449
127,forfjamset,0.002978541888296604,0.8548821210861206,-0.851903579197824
128,forholdsmessig,0.003587994258850813,0.7810294032096863,-0.7774414089508355
129,formastelig,0.0036270683631300926,0.8339739441871643,-0.8303468758240342
130,formfullendt,0.0023395689204335213,0.7889670277945697,-0.7866274588741362
131,fornem,0.006507014390081167,0.7541212437208742,-0.747614229330793
132,fornuftig,0.004730230197310448,0.6858528852462769,-0.6811226550489664
133,fornøyd,0.0031823855824768543,0.8113265037536621,-0.8081441181711853
134,forstandig,0.005727155599743128,0.7643125653266907,-0.7585854097269475
135,fortreffelig,0.004046204499900341,0.8037160634994507,-0.7996698589995503
136,framgangsrik,0.005663181655108929,0.7369858026504517,-0.7313226209953427
137,framifrå,0.0049543133936822414,0.8467495881486684,-0.8417952747549862
138,frankisk,0.00563271576538682,0.7705981135368347,-0.7649653977714479
139,fredelig,0.0026624631136655807,0.8371646900195628,-0.8345022269058973
140,fredlig,0.002837735926732421,0.8321843787562102,-0.8293466428294778
141,freidig,0.0038167147431522608,0.7498586773872375,-0.7460419626440853
142,fremgangsrik,0.0049657030031085014,0.7326854467391968,-0.7277197437360883
143,fremherskende,0.004660360049456358,0.7631328520365059,-0.7584724919870496
144,fremragende,0.002743066055700183,0.7424023896455765,-0.7396593235898763
145,fruktsommelig,0.0028355272952467203,0.8286534547805786,-0.8258179274853319
146,fundamental,0.0044611720368266106,0.7378480602055788,-0.7333868881687522
147,følsom,0.004093065392225981,0.7540659308433533,-0.7499728654511273
148,føyelig,0.004492653999477625,0.7991093397140503,-0.7946166857145727
149,gal,0.0038406571839004755,0.8169488310813904,-0.8131081738974899
150,gammal,0.005886193830519915,0.7992415428161621,-0.7933553489856422
151,gavmild,0.004964757245033979,0.7253031730651855,-0.7203384158201516
152,geometrisk,0.007716553285717964,0.7504153847694397,-0.7426988314837217
153,germansk,0.006116700824350119,0.7585616707801819,-0.7524449699558318
154,gifteferdig,0.003825869644060731,0.7990491390228271,-0.7952232693787664
155,gjennomskinnelig,0.005135077051818371,0.7582424879074097,-0.7531074108555913
156,gjennomtrengelig,0.004510910715907812,0.7694679498672485,-0.7649570391513407
157,glupsk,0.00633774371817708,0.7217720746994019,-0.7154343309812248
158,godhjerta,0.003077225759625435,0.8053944706916809,-0.8023172449320555
159,godhjertet,0.003738724160939455,0.7766827344894409,-0.7729440103285015
160,godt og vel,0.004489980638027191,0.7590082287788391,-0.7545182481408119
161,godt stekt,0.005712827201932669,0.7872004508972168,-0.7814876236952841
162,godtroende,0.0034173675812780857,0.7892917990684509,-0.7858744314871728
163,grammatisk,0.004235714673995972,0.752246456220746,-0.7480107415467501
164,grei,0.002893958706408739,0.8603981733322144,-0.8575042146258056
165,gresk,0.0037795163225382566,0.8341257707215846,-0.8303462543990463
166,grov,0.003698772517964244,0.8213876485824585,-0.8176888760644943
167,grundig,0.003444128902629018,0.8042819502297789,-0.8008378213271499
168,grådig,0.003866796614602208,0.7646079063415527,-0.7607411097269505
169,gudbenådet,0.005162916146218777,0.7393427491188049,-0.7341798329725862
170,guddommelig,0.005066572688519955,0.7635179758071899,-0.75845140311867
171,gulaktig,0.006453047972172499,0.8834211826324463,-0.8769681346602738
172,gyllen,0.004734782036393881,0.8290337920188904,-0.8242990099824965
173,gørrkjedelig,0.004157134331762791,0.8060360550880432,-0.8018789207562804
174,handlekraftig,0.0033311352599412203,0.7545580863952637,-0.7512269511353225
175,hardnakka,0.004950431175529957,0.6865839958190918,-0.6816335646435618
176,harm,0.0032298737205564976,0.7819035053253174,-0.7786736316047609
177,hebraisk,0.008564348332583904,0.7999212741851807,-0.7913569258525968
178,hellig,0.0040084426291286945,0.8041303399950266,-0.8001218973658979
179,herskende,0.004669507034122944,0.7404975891113281,-0.7358280820772052
180,holomorf,0.0035904974211007357,0.759358748793602,-0.7557682513725013
181,homogen,0.009638353250920773,0.6662070751190186,-0.6565687218680978
182,hoven,0.004878840409219265,0.7255454063415527,-0.7206665659323335
183,hovmodig,0.005185985472053289,0.7701421729288995,-0.7649561874568462
184,human,0.004508216865360737,0.7282269597053528,-0.723718742839992
185,hvit,0.00334663363173604,0.8219911456108093,-0.8186445119790733
186,hyggelig,0.0029099720995873213,0.8135939240455627,-0.8106839519459754
187,høgferdig,0.00718965008854866,0.8206971883773804,-0.8135075382888317
188,høy,0.004658783320337534,0.7277982234954834,-0.7231394401751459
189,høytidelig,0.004605969414114952,0.6984285116195679,-0.6938225422054529
190,i adams drakt,0.007333903573453426,0.7579909563064575,-0.7506570527330041
191,idiomatisk,0.007567256689071655,0.699057181365788,-0.6914899246767163
192,iherdig,0.0037555270828306675,0.815505862236023,-0.8117503351531923
193,imaginær,0.005015091504901648,0.7500688433647156,-0.7450537518598139
194,inderlig,0.00398285361006856,0.7992984652519226,-0.795315611641854
195,indolent,0.0041283369064331055,0.8022285457700491,-0.798100208863616
196,indonesisk,0.005101834889501333,0.8012661933898926,-0.7961643585003912
197,injektiv,0.007574971299618483,0.6874571400694549,-0.6798821687698364
198,innadvendt,0.0034561657812446356,0.7766039774287492,-0.7731478116475046
199,inngripende,0.0035182142164558172,0.7855211496353149,-0.7820029354188591
200,internasjonal,0.0042422194965183735,0.698483943939209,-0.6942417244426906
201,intransitiv,0.006839515641331673,0.7216543387621641,-0.7148148231208324
202,intrikat,0.005128777120262384,0.7019921541213989,-0.6968633770011365
203,intuitiv,0.004625089932233095,0.6957268067635596,-0.6911017168313265
204,irriterende,0.00279850116930902,0.7875757284928113,-0.7847772273235023
205,isotonisk,0.00899262260645628,0.7929887175559998,-0.7839960949495435
206,isotropisk,0.007975634187459946,0.760610818862915,-0.7526351846754551
207,israelittisk,0.004008159972727299,0.8199784755706787,-0.8159703155979514
208,jambisk,0.006239073816686869,0.8786735704634339,-0.872434496646747
209,japansk,0.004656743723899126,0.7702093720436096,-0.7655526283197105
210,jemenittisk,0.006010433193296194,0.8056267499923706,-0.7996163167990744
211,jordisk,0.004331109579652548,0.7799760699272156,-0.775644960347563
212,jødisk,0.0052094184793531895,0.8193128108978271,-0.814103392418474
213,kafkask,0.0043951054103672504,0.813975989818573,-0.8095808844082057
214,kambodsjansk,0.0054845563136041164,0.8715569972991943,-0.8660724409855902
215,kanon,0.0034752448555082083,0.7798725366592407,-0.7763972918037325
216,kardiotoksisk,0.005478377919644117,0.7943742275238037,-0.7888958496041596
217,keik,0.00934502761811018,0.7402783632278442,-0.7309333356097341
218,kinesisk,0.006249766331166029,0.7859886288642883,-0.7797388625331223
219,kjempedårlig,0.004244520794600248,0.8268280625343323,-0.822583541739732
220,kjempeglad,0.0036594660487025976,0.8590282797813416,-0.855368813732639
221,kjip,0.004341950640082359,0.7204877734184265,-0.7161458227783442
222,kjødelig,0.005320543423295021,0.7398722767829895,-0.7345517333596945
223,klassisk,0.002719786250963807,0.7007341966964304,-0.6980144104454666
224,klein,0.003328726626932621,0.8224132061004639,-0.8190844794735312
225,klok,0.005879711825400591,0.7574903999920934,-0.7516106881666929
226,knuslete,0.0025702386628836393,0.871408224105835,-0.8688379854429513
227,koffeinholdig,0.0030120406299829483,0.7847257256507874,-0.7817136850208044
228,kommunistisk,0.007830081507563591,0.8511753678321838,-0.8433452863246202
229,komparabel,0.0028505423106253147,0.7569911484606564,-0.7541406061500311
230,kompleks,0.003631895175203681,0.7497960329055786,-0.7461641377303749
231,komplisert,0.0030387546867132187,0.8148820996284485,-0.8118433449417353
232,konsekvent,0.0050742533057928085,0.7374089094810188,-0.732334656175226
233,konsentrisk,0.005497097969055176,0.8550381145905703,-0.8495410166215152
234,korpulent,0.005120040848851204,0.7364777326583862,-0.731357691809535
235,korthugget,0.003976022824645042,0.8127168416976929,-0.8087408188730478
236,krank,0.0038457242771983147,0.8302472233772278,-0.8264014991000295
237,krass,0.002256992971524596,0.8306827545166016,-0.828425761545077
238,kriminell,0.0037613771855831146,0.8130381107330322,-0.8092767335474491
239,kristadelfiansk,0.004206130281090736,0.861592173576355,-0.8573860432952642
240,kristen,0.00346955843269825,0.77235022559762,-0.7688806671649218
241,kroatisk,0.005971899256110191,0.8696640133857727,-0.8636921141296625
242,kry,0.003927562385797501,0.8021080493927002,-0.7981804870069027
243,kulturmessig,0.0032428523991256952,0.6668626808095723,-0.6636198284104466
244,kunst,0.002948074135929346,0.6913511361926794,-0.6884030620567501
245,kunstferdig,0.0038561695255339146,0.7893709789495915,-0.7855148094240576
246,kynisk,0.004624807275831699,0.7422842979431152,-0.7376594906672835
247,langsom,0.006247714627534151,0.8365510702133179,-0.8303033555857837
248,langtekkelig,0.0049841636791825294,0.7704715728759766,-0.765487409196794
249,laotisk,0.006919255945831537,0.8228456974029541,-0.8159264414571226
250,latterlig,0.0029103653505444527,0.7045601606369019,-0.7016497952863574
251,latvisk,0.004867957904934883,0.8047550320625305,-0.7998870741575956
252,lav,0.003492950461804867,0.8360106581822038,-0.8325177077203989
253,lesvisk,0.005342478863894939,0.7607117891311646,-0.7553693102672696
254,levedyktig,0.0041894251480698586,0.7615739107131958,-0.7573844855651259
255,lidenskapelig,0.004056160803884268,0.7450780272483826,-0.7410218664444983
256,likegyldig,0.0030808225274086,0.7941617965698242,-0.7910809740424156
257,litterær,0.0041833557188510895,0.6083990593906492,-0.6042157036717981
258,lovlig,0.0036111585795879364,0.8122217655181885,-0.8086106069386005
259,lovmessig,0.005375826731324196,0.7150982050225139,-0.7097223782911897
260,lutheransk,0.007381329778581858,0.7867792844772339,-0.779397954698652
261,lystig,0.004101808648556471,0.7693914175033569,-0.7652896088548005
262,lærd,0.006168582011014223,0.7463220036588609,-0.7401534216478467
263,løgnaktig,0.003019111230969429,0.7530799508094788,-0.7500608395785093
264,makeløs,0.0029061632230877876,0.7189107516314834,-0.7160045884083956
265,malayisk,0.00632128119468689,0.7944604158401489,-0.788139134645462
266,mangedoblet,0.0043529001995921135,0.7228448987007141,-0.718491998501122
267,mangfoldig,0.004131022375077009,0.7556930184364319,-0.7515619960613549
268,manipulerende,0.0029858252964913845,0.7952283776830882,-0.7922425523865968
269,maritim,0.0034826090559363365,0.83342045545578,-0.8299378463998437
270,markinsk,0.005401656497269869,0.817269504070282,-0.8118678475730121
271,masse,0.003229931928217411,0.846001386642456,-0.8427714547142386
272,matematisk,0.0043105557560920715,0.7287631146609783,-0.7244525589048862
273,melankolsk,0.004570572171360254,0.7116921544075012,-0.707121582236141
274,mesopotamisk,0.007666028570383787,0.8315438032150269,-0.8238777746446431
275,metrisk,0.004975007846951485,0.7907828739844263,-0.7858078661374748
276,mild,0.0035661766305565834,0.7447448121383786,-0.741178635507822
277,militær,0.005102835595607758,0.8394624590873718,-0.8343596234917641
278,misfarget,0.003646532306447625,0.7869797945022583,-0.7833332621958107
279,moden,0.00534222275018692,0.7013938203454018,-0.6960515975952148
280,molar,0.007249963004142046,0.8220512270927429,-0.8148012640886009
281,monarkisk,0.00521148880943656,0.7701082825660706,-0.764896793756634
282,mongo,0.009797811508178711,0.8271028995513916,-0.8173050880432129
283,motbydelig,0.0041959090158343315,0.7708322405815125,-0.7666363315656781
284,motvillig,0.0034227159339934587,0.7420184016227722,-0.7385956856887788
285,muhammedansk,0.007354922592639923,0.8221842646598816,-0.8148293420672417
286,måteholden,0.004714994225651026,0.7603713870048523,-0.7556563927792013
287,mørk,0.0058741020038723946,0.755911648273468,-0.7500375462695956
288,naturstridig,0.003998971078544855,0.7943224906921387,-0.7903235196135938
289,nedlatende,0.00221700849942863,0.767715253168717,-0.7654982446692884
290,nektende,0.0018889961065724492,0.8500709214713424,-0.84818192536477
291,nidkjær,0.0036636132281273603,0.8026617169380188,-0.7989981037098914
292,nistemmig,0.005322491284459829,0.7780452966690063,-0.7727228053845465
293,nonfigurativ,0.006330777890980244,0.7373106661252677,-0.7309798882342875
294,normal,0.004800930619239807,0.7348721027374268,-0.730071172118187
295,numerologisk,0.0037059166934341192,0.8185930848121643,-0.8148871681187302
296,nyskapende,0.0027781566604971886,0.7636869605630636,-0.7609088039025664
297,nådig,0.004718960262835026,0.7428325123619288,-0.7381135520990938
298,nødtørftig,0.002871588570997119,0.8021483421325684,-0.7992767535615712
299,nøysom,0.004782999400049448,0.7845954895019531,-0.7798124901019037
300,omansk,0.00820394791662693,0.8087687492370605,-0.8005648013204336
301,omfangsrik,0.0038524081464856863,0.8372793197631836,-0.8334269116166979
302,omstendelig,0.00492891576141119,0.7261347770690918,-0.7212058613076806
303,omtenksom,0.0027823790442198515,0.7971091270446777,-0.7943267480004579
304,ondskapsfull,0.002784240758046508,0.7360339760780334,-0.7332497353199869
305,oppofrende,0.003037102520465851,0.8258969187736511,-0.8228598162531853
306,organoleptisk,0.007669167593121529,0.8224097490310669,-0.8147405814379454
307,orknøysk,0.005454186350107193,0.7719641327857971,-0.7665099464356899
308,ortotropisk,0.004737560171633959,0.7797014713287354,-0.7749639111571014
309,oseanisk,0.0046695503406226635,0.7973496234044433,-0.7926800730638206
310,overdreven,0.003272364381700754,0.7364435195922852,-0.7331711552105844
311,overdådig,0.003867472754791379,0.782426118850708,-0.7785586460959166
312,overlegen,0.003969219047576189,0.7367094159126282,-0.732740196865052
313,palauisk,0.004331932868808508,0.8140272814780474,-0.8096953486092389
314,panamansk,0.005257195793092251,0.8514778017997742,-0.8462206060066819
315,panegyrisk,0.0054877642542123795,0.7879225611686707,-0.7824347969144583
316,papuansk,0.0042647202499210835,0.8702129125595093,-0.8659481923095882
317,paraguayansk,0.00585093442350626,0.8257626891136169,-0.8199117546901107
318,paranormal,0.00392107293009758,0.8003370598889887,-0.7964159869588912
319,parisk,0.0043142144568264484,0.8578044970054179,-0.8534902825485915
320,patagonsk,0.005127633921802044,0.8156995177268982,-0.8105718838050961
321,peloponnesisk,0.00464605912566185,0.9034618416335434,-0.8988157825078815
322,pen,0.004949010442942381,0.7077295780181885,-0.7027805675752461
323,peruansk,0.007018696516752243,0.7872165441513062,-0.7801978476345539
324,plagsom,0.0023121614940464497,0.8522958159446716,-0.8499836544506252
325,poetisk,0.003562874859198928,0.7039478574879467,-0.7003849826287478
326,polemisk,0.003940303809940815,0.7455393900163472,-0.7415990862064064
327,politisk,0.004542801063507795,0.758400022983551,-0.7538572219200432
328,politisk korrekt,0.002050803042948246,0.8087673007976264,-0.8067164977546781
329,portugisisk,0.005067967344075441,0.795398473739624,-0.7903305063955486
330,possessiv,0.009324287995696068,0.7079573050141335,-0.6986330170184374
331,pragmatisk,0.00405778968706727,0.7509080718737096,-0.7468502821866423
332,prektig,0.004588198848068714,0.8397394474595785,-0.8351512486115098
333,primitiv,0.005128365010023117,0.7950849533081055,-0.7899565882980824
334,profylaktisk,0.003315279958769679,0.761657178401947,-0.7583418984431773
335,puertorikansk,0.0037040691822767258,0.8108714818954468,-0.80716741271317
336,pyntelig,0.0034803778398782015,0.8095200657844543,-0.8060396879445761
337,pyreneisk,0.004416047595441341,0.8503854870796204,-0.845969439484179
338,pålitelig,0.0035986052826046944,0.7886439561843872,-0.7850453509017825
339,radig,0.0037725691217929125,0.8468568325042725,-0.8430842633824795
340,radikal,0.0038996285293251276,0.8071277141571045,-0.8032280856277794
341,raffinert,0.005018991883844137,0.7566254734992981,-0.751606481615454
342,rang,0.0052321720868349075,0.7784591913223267,-0.7732270192354918
343,rank,0.004073429852724075,0.8109385371208191,-0.806865107268095
344,rasjonal,0.007209264673292637,0.7826610831543803,-0.7754518184810877
345,rasjonell,0.004523731768131256,0.6944407820701599,-0.6899170503020287
346,raus,0.0033987208735197783,0.8043962365482002,-0.8009975156746805
347,regelmessig,0.004882204346358776,0.7579835653305054,-0.7531013609841466
348,religiøs,0.004649079404771328,0.7440189751796424,-0.7393698957748711
349,restriktiv,0.0041132704354822636,0.7765774130821228,-0.7724641426466405
350,rettferdig,0.004046876914799213,0.7669522913638502,-0.762905414449051
351,rettskaffen,0.0034379782155156136,0.7739214897155762,-0.7704835115000606
352,rik,0.0060813045129179955,0.7266197800636292,-0.7205384755507112
353,rikelig,0.005151670426130295,0.7720471620559692,-0.7668954916298389
354,riktig,0.0027089600916951895,0.8238239288330078,-0.8211149687413126
355,robust,0.0035536785144358873,0.7571268081665039,-0.753573129652068
356,rolig,0.002287138719111681,0.8095399141311646,-0.8072527754120529
357,romersk,0.0061399550177156925,0.8581385430879891,-0.8519985880702734
358,rusk,0.003514632349833846,0.8257753252983093,-0.8222606929484755
359,rwandisk,0.0046204980462789536,0.8441435098648071,-0.8395230118185282
360,råtten,0.004747997038066387,0.8259296417236328,-0.8211816446855664
361,samfunnsmessig,0.003658753354102373,0.7499947061296552,-0.7463359527755529
362,sannsynlig,0.005160527303814888,0.6665614247322083,-0.6614008974283934
363,sarkastisk,0.002658688696101308,0.6963443756103516,-0.6936856869142503
364,seig,0.0038156374357640743,0.817226767539978,-0.813411130104214
365,sekulær,0.0040329741314053535,0.7367409467697144,-0.732707972638309
366,selsom,0.00482358131557703,0.7102441191673279,-0.7054205378517509
367,serbokroatisk,0.005248872563242912,0.8798712491989136,-0.8746223766356707
368,sinober,0.005844807252287865,0.8720647692680359,-0.866219962015748
369,sjanselaus,0.0034931909758597612,0.7921379916369915,-0.7886448006611317
370,sjarmerende,0.0032492552418261766,0.7133533358573914,-0.7101040806155652
371,sjenerøs,0.004573311656713486,0.6351770758628845,-0.630603764206171
372,sjølstendig,0.007266298867762089,0.7459742426872253,-0.7387079438194633
373,skadelig,0.0026145705487579107,0.7940770983695984,-0.7914625278208405
374,skarp,0.0033329790458083153,0.8445149064064026,-0.8411819273605943
375,skeiv,0.004201829899102449,0.831787271425128,-0.8275854415260255
376,skjev,0.0035511141177266836,0.8310118552763015,-0.8274607411585748
377,skråsikker,0.0042448705062270164,0.8130003213882446,-0.8087554508820176
378,skånsom,0.002690801164135337,0.8241543173789978,-0.8214635162148625
379,slem,0.004875197075307369,0.7554360628128052,-0.7505608657374978
380,slibrig,0.0034426867496222258,0.772132396697998,-0.7686897099483758
381,sliten,0.00312371039763093,0.8187592029571533,-0.8156354925595224
382,snakkesalig,0.0027072231750935316,0.7892821431159973,-0.7865749199409038
383,snøgg,0.003922442905604839,0.8232876658439636,-0.8193652229383588
384,sociniansk,0.007287347223609686,0.8295945469290018,-0.8223071997053921
385,sofistikert,0.003897214774042368,0.7532933354377747,-0.7493961206637323
386,sort,0.003395678009837866,0.8049908876419067,-0.8015952096320689
387,spansk,0.006052560172975063,0.7666521072387695,-0.7605995470657945
388,spirituell,0.004660625942051411,0.7889601588249207,-0.7842995328828692
389,språklig,0.004306406248360872,0.6749805165454745,-0.6706741102971137
390,standhaftig,0.003107252065092325,0.7958162426948547,-0.7927089906297624
391,stillferdig,0.00242001935839653,0.8020468354225159,-0.7996268160641193
392,stiv,0.0035979892127215862,0.7743829372338951,-0.7707849480211735
393,storarta,0.0032486896961927414,0.6964029669761658,-0.693154277279973
394,storartet,0.0051322742365300655,0.6575099229812622,-0.6523776487447321
395,storslagen,0.004870508331805468,0.6846067309379578,-0.6797362226061523
396,straffbar,0.003483329899609089,0.8238899111747742,-0.8204065812751651
397,streng,0.004003462847322226,0.7775896191596985,-0.7735861563123763
398,stridlynt,0.0034045828506350517,0.820223331451416,-0.816818748600781
399,stupid,0.004498400259763002,0.754735911032185,-0.750237510772422
400,stygg,0.004162222612649202,0.8016508221626282,-0.797488599549979
401,stygg som juling,0.003882077755406499,0.7857681512832642,-0.7818860735278577
402,styrkemessig,0.0032670251093804836,0.7862676978111267,-0.7830006727017462
403,substantivisk,0.008115672506392002,0.6854962562210858,-0.6773805837146938
404,sumerisk,0.008618319407105446,0.8486356139183044,-0.840017294511199
405,superlativ,0.006786954123526812,0.7470669117756188,-0.740279957652092
406,svart,0.003350164508447051,0.8603585958480835,-0.8570084313396364
407,svær,0.003270713146775961,0.8281105756759644,-0.8248398625291884
408,sørlig,0.004041430540382862,0.8357093334197998,-0.8316679028794169
409,sørsamisk,0.0026915897615253925,0.8562228679656982,-0.8535312782041728
410,tadsjikisk,0.006204793229699135,0.8508718609809875,-0.8446670677512884
411,taiwanesisk,0.008070229552686214,0.7916832566261292,-0.7836130270734429
412,tallmessig,0.006698559504002333,0.6026890277862549,-0.5959904682822526
413,tanzaniansk,0.0056395637802779675,0.8110863566398621,-0.8054467928595841
414,teoretisk,0.004201039206236601,0.763237364590168,-0.7590363253839314
415,thailandsk,0.004873547703027725,0.8058958649635315,-0.8010223172605038
416,tjukk,0.007963375188410282,0.7690168619155884,-0.7610534867271781
417,todimensjonal,0.011437035165727139,0.6804116368293762,-0.6689746016636491
418,tom,0.005238814279437065,0.7880616188049316,-0.7828228045254946
419,toneangivende,0.004033875185996294,0.7285537123680115,-0.7245198371820152
420,topologisk,0.004680225159972906,0.7448997497558594,-0.7402195245958865
421,tradisjonell,0.005601762793958187,0.7557056546211243,-0.7501038918271661
422,tsjadisk,0.006047340109944344,0.8514147996902466,-0.8453674595803022
423,tung,0.0055753448978066444,0.8397847516462207,-0.834209406748414
424,tunghørt,0.004257456865161657,0.7979893088340759,-0.7937318519689143
425,tungrodd,0.0033130755182355642,0.8382620012853295,-0.8349489257670939
426,turkis,0.004552451428025961,0.8560361266136169,-0.851483675185591
427,turkmensk,0.0062617529183626175,0.7839794754981995,-0.7777177225798368
428,tuvalsk,0.0074228751473128796,0.8378531336784363,-0.8304302585311234
429,tynn,0.0041588228195905685,0.8432623744010925,-0.839103551581502
430,tåkete,0.004110109992325306,0.8201626539230347,-0.8160525439307094
431,tålmodig,0.002733172383159399,0.7435075640678406,-0.7407743916846812
432,ualminnelig,0.003943817690014839,0.796564519405365,-0.7926207017153502
433,uanstendig,0.0028642856050282717,0.8115410208702087,-0.8086767352651805
434,uavlatelig,0.0030277844052761793,0.7853333353996277,-0.7823055509943515
435,ubarmhjertig,0.0037905569188296795,0.7484339475631714,-0.7446433906443417
436,ubegavet,0.004680071957409382,0.7706809639930725,-0.7660008920356631
437,ubetrådt,0.0029997967649251223,0.820300281047821,-0.8173004842828959
438,ubøyelig,0.003807338187471032,0.7709754109382629,-0.7671680727507919
439,ufarlig,0.003274081274867058,0.8308930397033691,-0.8276189584285021
440,ufordragelig,0.004311719909310341,0.8032623529434204,-0.7989506330341101
441,uforholdsmessig,0.00361235230229795,0.8152814507484436,-0.8116690984461457
442,uforsonlig,0.0022872863337397575,0.8152122497558594,-0.8129249634221196
443,ufullendt,0.004657111596316099,0.7732912509236485,-0.7686341393273324
444,ugudelig,0.0054448917508125305,0.7801694273948669,-0.7747245356440544
445,uheldig,0.002621279563754797,0.8468036651611328,-0.844182385597378
446,uhorvelig,0.004460830707103014,0.776763916015625,-0.772303085308522
447,ulastelig,0.003934989683330059,0.7612015008926392,-0.7572665112093091
448,umake,0.005863436032086611,0.8022549748420715,-0.7963915388099849
449,umenneskelig,0.0026480855885893106,0.8144208290614188,-0.8117727434728295
450,umoden,0.0028885044157505035,0.7829878989141434,-0.7800993944983929
451,umulig,0.0034654769115149975,0.8038004636764526,-0.8003349867649376
452,underdanig,0.004328615497797728,0.7493335008621216,-0.7450048853643239
453,uoppmerksom,0.003296401584520936,0.8018438220024109,-0.79854742041789
454,uoversiktlig,0.002632320858538151,0.8275484442710876,-0.8249161234125495
455,uregelmessig,0.0032359908800572157,0.8544633984565735,-0.8512274075765163
456,urettferdig,0.0038240172434598207,0.7710655331611633,-0.7672415159177035
457,urugayansk,0.006410886533558369,0.8539705276489258,-0.8475596411153674
458,usjenert,0.0034786027390509844,0.7908400297164917,-0.7873614269774407
459,uspist,0.002447612816467881,0.815007746219635,-0.8125601334031671
460,usymmetrisk,0.004964819177985191,0.7326270341873169,-0.7276622150093317
461,utadvendt,0.003151844721287489,0.746955394744873,-0.7438035500235856
462,utellelig,0.0025875947903841734,0.836650013923645,-0.8340624191332608
463,utilbørlig,0.0038095125928521156,0.7698488831520081,-0.7660393705591559
464,uutholdelig,0.0021056225523352623,0.8069929480552673,-0.8048873255029321
465,uvanlig,0.004342618398368359,0.775846540927887,-0.7715039225295186
466,uvillig,0.0035887991543859243,0.7736120820045471,-0.7700232828501612
467,vanartet,0.005103517323732376,0.7714537978172302,-0.7663502804934978
468,vanhellig,0.005613668821752071,0.7947368025779724,-0.7891231337562203
469,vanlig,0.006005076225847006,0.7157818078994751,-0.7097767316736281
470,vanskelig,0.0031085454393178225,0.8056051731109619,-0.8024966276716441
471,vanvittig,0.004210432060062885,0.7918953895568848,-0.7876849574968219
472,veldig,0.0036313047166913748,0.8276958866044879,-0.8240645818877965
473,velfortjent,0.0030123984906822443,0.8089839220046997,-0.8059715235140175
474,velfungerende,0.004879838787019253,0.772310733795166,-0.7674308950081468
475,velgjørende,0.0031997093465179205,0.7446944117546082,-0.7414947024080902
476,velmenende,0.003162591950967908,0.7990007996559143,-0.7958382077049464
477,venstre,0.004199938848614693,0.793559730052948,-0.7893597912043333
478,vettug,0.0030169247183948755,0.8591985702514648,-0.85618164553307
479,viderverdig,0.003915769979357719,0.7582533359527588,-0.7543375659734011
480,vidløftig,0.0035437685437500477,0.7411454319953918,-0.7376016634516418
481,vilkårlig,0.0042978134006261826,0.7375675439834595,-0.7332697305828333
482,voldsom,0.0035339826717972755,0.8525370955467224,-0.8490031128749251
483,vonbroten,0.003436930477619171,0.824571967124939,-0.8211350366473198
484,vrien,0.0026999926194548607,0.7787529826164246,-0.7760529899969697
485,ydmyk,0.002128258114680648,0.7946552634239197,-0.792527005309239
486,ynkrygget,0.0033157244324684143,0.7310950756072998,-0.7277793511748314
487,ærlig,0.0029082968831062317,0.7343007922172546,-0.7313924953341484
488,økumenisk,0.005340540315955877,0.7911466360092163,-0.7858060956932604
489,østerriksk,0.004671805538237095,0.8057366609573364,-0.8010648554190993
